NAME_1,NAME_2,NAME_3,nouvelle_province,nouvelle_region,remarque
Boucle du Mouhoun,BalÃ©,Bagassi,BalÃ©,Bankui,NA
Boucle du Mouhoun,BalÃ©,Bana,BalÃ©,Bankui,NA
Boucle du Mouhoun,BalÃ©,Boromo,BalÃ©,Bankui,NA
Boucle du Mouhoun,BalÃ©,Fara,BalÃ©,Bankui,NA
Boucle du Mouhoun,BalÃ©,Oury,BalÃ©,Bankui,NA
Boucle du Mouhoun,BalÃ©,Pa,BalÃ©,Bankui,NA
Boucle du Mouhoun,BalÃ©,PompoÃ¯,BalÃ©,Bankui,NA
Boucle du Mouhoun,BalÃ©,Poura,BalÃ©,Bankui,NA
Boucle du Mouhoun,BalÃ©,Siby,BalÃ©,Bankui,NA
Boucle du Mouhoun,BalÃ©,Yaho,BalÃ©,Bankui,NA
Boucle du Mouhoun,Banwa,BalavÃ©,Banwa,Bankui,NA
Boucle du Mouhoun,Banwa,Kouka,Banwa,Bankui,NA
Boucle du Mouhoun,Banwa,Sami,Banwa,Bankui,NA
Boucle du Mouhoun,Banwa,Sanaba,Banwa,Bankui,NA
Boucle du Mouhoun,Banwa,Solenzo,Banwa,Bankui,NA
Boucle du Mouhoun,Banwa,Tansila,Banwa,Bankui,NA
Boucle du Mouhoun,Kossi,Barani,Koosin,Sourou,ğŸ“ RenommÃ©e: Kossi â†’ Koosin
Boucle du Mouhoun,Kossi,Bomborokuy,Koosin,Sourou,ğŸ“ RenommÃ©e: Kossi â†’ Koosin
Boucle du Mouhoun,Kossi,Bourasso,Koosin,Sourou,ğŸ“ RenommÃ©e: Kossi â†’ Koosin
Boucle du Mouhoun,Kossi,Djibasso,Koosin,Sourou,ğŸ“ RenommÃ©e: Kossi â†’ Koosin
Boucle du Mouhoun,Kossi,Dokuy,Koosin,Sourou,ğŸ“ RenommÃ©e: Kossi â†’ Koosin
Boucle du Mouhoun,Kossi,Doumbala,Koosin,Sourou,ğŸ“ RenommÃ©e: Kossi â†’ Koosin
Boucle du Mouhoun,Kossi,Kombori,Koosin,Sourou,ğŸ“ RenommÃ©e: Kossi â†’ Koosin
Boucle du Mouhoun,Kossi,Madouba,Koosin,Sourou,ğŸ“ RenommÃ©e: Kossi â†’ Koosin
Boucle du Mouhoun,Kossi,Nouna,Koosin,Sourou,ğŸ“ RenommÃ©e: Kossi â†’ Koosin
Boucle du Mouhoun,Kossi,Sono,Koosin,Sourou,ğŸ“ RenommÃ©e: Kossi â†’ Koosin
Boucle du Mouhoun,Mouhoun,Bondokuy,Mouhoun,Bankui,NA
Boucle du Mouhoun,Mouhoun,Dedougou,Mouhoun,Bankui,NA
Boucle du Mouhoun,Mouhoun,Douroula,Mouhoun,Bankui,NA
Boucle du Mouhoun,Mouhoun,Kona,Mouhoun,Bankui,NA
Boucle du Mouhoun,Mouhoun,Ouarkoye,Mouhoun,Bankui,NA
Boucle du Mouhoun,Mouhoun,Safane,Mouhoun,Bankui,NA
Boucle du Mouhoun,Mouhoun,TchÃ©riba,Mouhoun,Bankui,NA
Boucle du Mouhoun,Nayala,Gassan,Nayala,Sourou,NA
Boucle du Mouhoun,Nayala,Gossina,Nayala,Sourou,NA
Boucle du Mouhoun,Nayala,Kougny,Nayala,Sourou,NA
Boucle du Mouhoun,Nayala,Toma,Nayala,Sourou,NA
Boucle du Mouhoun,Nayala,Yaba,Nayala,Sourou,NA
Boucle du Mouhoun,Nayala,Ye,Nayala,Sourou,NA
Boucle du Mouhoun,Sourou,Di,Sourou,Sourou,NA
Boucle du Mouhoun,Sourou,Gomboro,Sourou,Sourou,NA
Boucle du Mouhoun,Sourou,Kassoum,Sourou,Sourou,NA
Boucle du Mouhoun,Sourou,Kiembara,Sourou,Sourou,NA
Boucle du Mouhoun,Sourou,LanfiÃ¨ra,Sourou,Sourou,NA
Boucle du Mouhoun,Sourou,LankouÃ¨,Sourou,Sourou,NA
Boucle du Mouhoun,Sourou,Toeni,Sourou,Sourou,NA
Boucle du Mouhoun,Sourou,Tougan,Sourou,Sourou,NA
Cascades,ComoÃ©,Banfora,ComoÃ©,Tannounyan,NA
Cascades,ComoÃ©,Beregadougou,ComoÃ©,Tannounyan,NA
Cascades,ComoÃ©,Mangodara,ComoÃ©,Tannounyan,NA
Cascades,ComoÃ©,Moussodougou,ComoÃ©,Tannounyan,NA
Cascades,ComoÃ©,Niangoloko,ComoÃ©,Tannounyan,NA
Cascades,ComoÃ©,Ouo,ComoÃ©,Tannounyan,NA
Cascades,ComoÃ©,SidÃ©radougou,ComoÃ©,Tannounyan,NA
Cascades,ComoÃ©,SoubakaniÃ©dougou,ComoÃ©,Tannounyan,NA
Cascades,ComoÃ©,TiÃ©fora,ComoÃ©,Tannounyan,NA
Cascades,LÃ©raba,Dakoro,LÃ©raba,Tannounyan,NA
Cascades,LÃ©raba,Douna,LÃ©raba,Tannounyan,NA
Cascades,LÃ©raba,Kankalaba,LÃ©raba,Tannounyan,NA
Cascades,LÃ©raba,Loumana,LÃ©raba,Tannounyan,NA
Cascades,LÃ©raba,Niankorodougou,LÃ©raba,Tannounyan,NA
Cascades,LÃ©raba,Oueleni,LÃ©raba,Tannounyan,NA
Cascades,LÃ©raba,Sindou,LÃ©raba,Tannounyan,NA
Cascades,LÃ©raba,Wolonkoto,LÃ©raba,Tannounyan,NA
Centre,Kadiogo,Komki-Ipala,Kadiogo,Kadiogo,NA
Centre,Kadiogo,Komsilga,Kadiogo,Kadiogo,NA
Centre,Kadiogo,Koubri,Kadiogo,Kadiogo,NA
Centre,Kadiogo,Ouagadougou,Kadiogo,Kadiogo,NA
Centre,Kadiogo,Pabre,Kadiogo,Kadiogo,NA
Centre,Kadiogo,Saaba,Kadiogo,Kadiogo,NA
Centre,Kadiogo,Tanghin-Dassouri,Kadiogo,Kadiogo,NA
Centre-Est,Boulgou,Bagre,Boulgou,NakambÃ©,NA
Centre-Est,Boulgou,Bane,Boulgou,NakambÃ©,NA
Centre-Est,Boulgou,Beguedo,Boulgou,NakambÃ©,NA
Centre-Est,Boulgou,Bissiga,Boulgou,NakambÃ©,NA
Centre-Est,Boulgou,Bittou,Boulgou,NakambÃ©,NA
Centre-Est,Boulgou,Boussouma,Boulgou,NakambÃ©,NA
Centre-Est,Boulgou,Garango,Boulgou,NakambÃ©,NA
Centre-Est,Boulgou,Komtoega,Boulgou,NakambÃ©,NA
Centre-Est,Boulgou,Niaogho,Boulgou,NakambÃ©,NA
Centre-Est,Boulgou,Tenkodogo,Boulgou,NakambÃ©,NA
Centre-Est,Boulgou,ZabrÃ©,Boulgou,NakambÃ©,NA
Centre-Est,Boulgou,Zoaga,Boulgou,NakambÃ©,NA
Centre-Est,Boulgou,ZonsÃ©,Boulgou,NakambÃ©,NA
Centre-Est,KoulpÃ©logo,Comin-Yanga,KoulpÃ©logo,NakambÃ©,NA
Centre-Est,KoulpÃ©logo,Dourtenga,KoulpÃ©logo,NakambÃ©,NA
Centre-Est,KoulpÃ©logo,Lalgaye,KoulpÃ©logo,NakambÃ©,NA
Centre-Est,KoulpÃ©logo,Ouargaye,KoulpÃ©logo,NakambÃ©,NA
Centre-Est,KoulpÃ©logo,Sangha,KoulpÃ©logo,NakambÃ©,NA
Centre-Est,KoulpÃ©logo,Soudougui,KoulpÃ©logo,NakambÃ©,NA
Centre-Est,KoulpÃ©logo,Yargatenga,KoulpÃ©logo,NakambÃ©,NA
Centre-Est,KoulpÃ©logo,YondÃ©,KoulpÃ©logo,NakambÃ©,NA
Centre-Est,Kouritenga,Andemtenga,Kouritenga,NakambÃ©,NA
Centre-Est,Kouritenga,BaskourÃ©,Kouritenga,NakambÃ©,NA
Centre-Est,Kouritenga,Dialgaye,Kouritenga,NakambÃ©,NA
Centre-Est,Kouritenga,Gounghin,Kouritenga,NakambÃ©,NA
Centre-Est,Kouritenga,Kando,Kouritenga,NakambÃ©,NA
Centre-Est,Kouritenga,KoupÃ©la,Kouritenga,NakambÃ©,NA
Centre-Est,Kouritenga,Pouytenga,Kouritenga,NakambÃ©,NA
Centre-Est,Kouritenga,Tensobentenga,Kouritenga,NakambÃ©,NA
Centre-Est,Kouritenga,Yargo,Kouritenga,NakambÃ©,NA
Centre-Nord,Bam,Bourzanga,Bam,KuilsÃ©,NA
Centre-Nord,Bam,Guibare,Bam,KuilsÃ©,NA
Centre-Nord,Bam,Kongoussi,Bam,KuilsÃ©,NA
Centre-Nord,Bam,Nassere,Bam,KuilsÃ©,NA
Centre-Nord,Bam,Rollo,Bam,KuilsÃ©,NA
Centre-Nord,Bam,Rouko,Bam,KuilsÃ©,NA
Centre-Nord,Bam,Sabce,Bam,KuilsÃ©,NA
Centre-Nord,Bam,Tikare,Bam,KuilsÃ©,NA
Centre-Nord,Bam,Zimtenga,Bam,KuilsÃ©,NA
Centre-Nord,Namentenga,Boala,Namentenga,KuilsÃ©,NA
Centre-Nord,Namentenga,Boulsa,Namentenga,KuilsÃ©,NA
Centre-Nord,Namentenga,Bouroum,Namentenga,KuilsÃ©,NA
Centre-Nord,Namentenga,Dargo,Namentenga,KuilsÃ©,NA
Centre-Nord,Namentenga,Nagbingou,Namentenga,KuilsÃ©,NA
Centre-Nord,Namentenga,Tougouri,Namentenga,KuilsÃ©,NA
Centre-Nord,Namentenga,Yalgo,Namentenga,KuilsÃ©,NA
Centre-Nord,Namentenga,Zeguedeguin,Namentenga,KuilsÃ©,NA
Centre-Nord,Sanmatenga,Barsalogho,Sandbondtenga,KuilsÃ©,ğŸ“ RenommÃ©e: Sanmatenga â†’ Sandbondtenga
Centre-Nord,Sanmatenga,Boussouma,Sandbondtenga,KuilsÃ©,ğŸ“ RenommÃ©e: Sanmatenga â†’ Sandbondtenga
Centre-Nord,Sanmatenga,Dablo,Sandbondtenga,KuilsÃ©,ğŸ“ RenommÃ©e: Sanmatenga â†’ Sandbondtenga
Centre-Nord,Sanmatenga,Kaya,Sandbondtenga,KuilsÃ©,ğŸ“ RenommÃ©e: Sanmatenga â†’ Sandbondtenga
Centre-Nord,Sanmatenga,Korsimoro,Sandbondtenga,KuilsÃ©,ğŸ“ RenommÃ©e: Sanmatenga â†’ Sandbondtenga
Centre-Nord,Sanmatenga,Mane,Sandbondtenga,KuilsÃ©,ğŸ“ RenommÃ©e: Sanmatenga â†’ Sandbondtenga
Centre-Nord,Sanmatenga,Namissiguima,Sandbondtenga,KuilsÃ©,ğŸ“ RenommÃ©e: Sanmatenga â†’ Sandbondtenga
Centre-Nord,Sanmatenga,Pensa,Sandbondtenga,KuilsÃ©,ğŸ“ RenommÃ©e: Sanmatenga â†’ Sandbondtenga
Centre-Nord,Sanmatenga,Pibaore,Sandbondtenga,KuilsÃ©,ğŸ“ RenommÃ©e: Sanmatenga â†’ Sandbondtenga
Centre-Nord,Sanmatenga,Pissila,Sandbondtenga,KuilsÃ©,ğŸ“ RenommÃ©e: Sanmatenga â†’ Sandbondtenga
Centre-Nord,Sanmatenga,Ziga,Sandbondtenga,KuilsÃ©,ğŸ“ RenommÃ©e: Sanmatenga â†’ Sandbondtenga
Centre-Ouest,BoulkiemdÃ©,Bingo,BoulkiemdÃ©,Nando,NA
Centre-Ouest,BoulkiemdÃ©,Imasgho,BoulkiemdÃ©,Nando,NA
Centre-Ouest,BoulkiemdÃ©,Kindi,BoulkiemdÃ©,Nando,NA
Centre-Ouest,BoulkiemdÃ©,Kokologho,BoulkiemdÃ©,Nando,NA
Centre-Ouest,BoulkiemdÃ©,Koudougou,BoulkiemdÃ©,Nando,NA
Centre-Ouest,BoulkiemdÃ©,Nandiala,BoulkiemdÃ©,Nando,NA
Centre-Ouest,BoulkiemdÃ©,Nanoro,BoulkiemdÃ©,Nando,NA
Centre-Ouest,BoulkiemdÃ©,Pella,BoulkiemdÃ©,Nando,NA
Centre-Ouest,BoulkiemdÃ©,Poa,BoulkiemdÃ©,Nando,NA
Centre-Ouest,BoulkiemdÃ©,Ramongo,BoulkiemdÃ©,Nando,NA
Centre-Ouest,BoulkiemdÃ©,Sabou,BoulkiemdÃ©,Nando,NA
Centre-Ouest,BoulkiemdÃ©,Sigle,BoulkiemdÃ©,Nando,NA
Centre-Ouest,BoulkiemdÃ©,Soaw,BoulkiemdÃ©,Nando,NA
Centre-Ouest,BoulkiemdÃ©,Sourgou,BoulkiemdÃ©,Nando,NA
Centre-Ouest,BoulkiemdÃ©,Thyou,BoulkiemdÃ©,Nando,NA
Centre-Ouest,SanguiÃ©,Dassa,SanguiÃ©,Nando,NA
Centre-Ouest,SanguiÃ©,Didyr,SanguiÃ©,Nando,NA
Centre-Ouest,SanguiÃ©,Godyr,SanguiÃ©,Nando,NA
Centre-Ouest,SanguiÃ©,Kordie,SanguiÃ©,Nando,NA
Centre-Ouest,SanguiÃ©,Kyon,SanguiÃ©,Nando,NA
Centre-Ouest,SanguiÃ©,Pouni,SanguiÃ©,Nando,NA
Centre-Ouest,SanguiÃ©,RÃ©o,SanguiÃ©,Nando,NA
Centre-Ouest,SanguiÃ©,Tenado,SanguiÃ©,Nando,NA
Centre-Ouest,SanguiÃ©,Zamo,SanguiÃ©,Nando,NA
Centre-Ouest,SanguiÃ©,Zawara,SanguiÃ©,Nando,NA
Centre-Ouest,Sissili,Bieha,Sissili,Nando,NA
Centre-Ouest,Sissili,Boura,Sissili,Nando,NA
Centre-Ouest,Sissili,Leo,Sissili,Nando,NA
Centre-Ouest,Sissili,Nebielianayou,Sissili,Nando,NA
Centre-Ouest,Sissili,Niabouri,Sissili,Nando,NA
Centre-Ouest,Sissili,Silly,Sissili,Nando,NA
Centre-Ouest,Sissili,TÃ´,Sissili,Nando,NA
Centre-Ouest,Ziro,Bakata,Ziro,Nando,NA
Centre-Ouest,Ziro,Bougnounou,Ziro,Nando,NA
Centre-Ouest,Ziro,Cassou,Ziro,Nando,NA
Centre-Ouest,Ziro,Dalo,Ziro,Nando,NA
Centre-Ouest,Ziro,Gao,Ziro,Nando,NA
Centre-Ouest,Ziro,Sapouy,Ziro,Nando,NA
Centre-Sud,BazÃ¨ga,Doulougou,BazÃ¨ga,Nazinon,NA
Centre-Sud,BazÃ¨ga,Gaongo,BazÃ¨ga,Nazinon,NA
Centre-Sud,BazÃ¨ga,Ipelce,BazÃ¨ga,Nazinon,NA
Centre-Sud,BazÃ¨ga,Kayao,BazÃ¨ga,Nazinon,NA
Centre-Sud,BazÃ¨ga,Kombissiri,BazÃ¨ga,Nazinon,NA
Centre-Sud,BazÃ¨ga,Sapone,BazÃ¨ga,Nazinon,NA
Centre-Sud,BazÃ¨ga,Toece,BazÃ¨ga,Nazinon,NA
Centre-Sud,Nahouri,Guiaro,Nahouri,Nazinon,NA
Centre-Sud,Nahouri,PÃ´,Nahouri,Nazinon,NA
Centre-Sud,Nahouri,TiÃ©bÃ©lÃ©,Nahouri,Nazinon,NA
Centre-Sud,Nahouri,Zecco,Nahouri,Nazinon,NA
Centre-Sud,Nahouri,Ziou,Nahouri,Nazinon,NA
Centre-Sud,ZoundwÃ©ogo,Bere,ZoundwÃ©ogo,Nazinon,NA
Centre-Sud,ZoundwÃ©ogo,Binde,ZoundwÃ©ogo,Nazinon,NA
Centre-Sud,ZoundwÃ©ogo,Gogo,ZoundwÃ©ogo,Nazinon,NA
Centre-Sud,ZoundwÃ©ogo,Gomboussougou,ZoundwÃ©ogo,Nazinon,NA
Centre-Sud,ZoundwÃ©ogo,Guiba,ZoundwÃ©ogo,Nazinon,NA
Centre-Sud,ZoundwÃ©ogo,Manga,ZoundwÃ©ogo,Nazinon,NA
Centre-Sud,ZoundwÃ©ogo,Nobere,ZoundwÃ©ogo,Nazinon,NA
Est,Gnagna,Bilanga,Gnagna,Sirba,NA
Est,Gnagna,BogandÃ©,Gnagna,Sirba,NA
Est,Gnagna,Koalla,Gnagna,Sirba,NA
Est,Gnagna,Liptougou,Gnagna,Sirba,NA
Est,Gnagna,Mani,Gnagna,Sirba,NA
Est,Gnagna,PiÃ©la,Gnagna,Sirba,NA
Est,Gnagna,Thion,Gnagna,Sirba,NA
Est,Gourma,Diabo,Gourma,Goulmou,NA
Est,Gourma,Diapangou,Gourma,Goulmou,NA
Est,Gourma,Fada N'gourma,Gourma,Goulmou,NA
Est,Gourma,Matiacoali,Gourma,Goulmou,NA
Est,Gourma,Tibga,Gourma,Goulmou,NA
Est,Gourma,Yamba,Gourma,Goulmou,NA
Est,Komandjoari,BartiÃ©bougou,Komondjari,Sirba,NA
Est,Komandjoari,Foutouri,Komondjari,Sirba,NA
Est,Komandjoari,GayÃ©ri,Komondjari,Sirba,NA
Est,Kompienga,Kompienga,Kompienga,Goulmou,NA
Est,Kompienga,Madjoari,Kompienga,Goulmou,NA
Est,Kompienga,Pama,Kompienga,Goulmou,NA
Est,Tapoa,Botou,Dyamongou,Tapoa,âœ¨ NOUVELLE PROVINCE Dyamongou
Est,Tapoa,Diapaga,Gobnangou,Tapoa,ğŸ“ RenommÃ©e: Tapoa â†’ Gobnangou
Est,Tapoa,Kantchari,Dyamongou,Tapoa,âœ¨ NOUVELLE PROVINCE Dyamongou
Est,Tapoa,Logobou,Gobnangou,Tapoa,ğŸ“ RenommÃ©e: Tapoa â†’ Gobnangou
Est,Tapoa,Namounou,Gobnangou,Tapoa,ğŸ“ RenommÃ©e: Tapoa â†’ Gobnangou
Est,Tapoa,Partiaga,Gobnangou,Tapoa,ğŸ“ RenommÃ©e: Tapoa â†’ Gobnangou
Est,Tapoa,Tambaga,Gobnangou,Tapoa,ğŸ“ RenommÃ©e: Tapoa â†’ Gobnangou
Est,Tapoa,Tansarga,Gobnangou,Tapoa,ğŸ“ RenommÃ©e: Tapoa â†’ Gobnangou
Haut-Bassins,Houet,Bama,Houet,Guiriko,NA
Haut-Bassins,Houet,Bobo-Dioulasso,Houet,Guiriko,NA
Haut-Bassins,Houet,DandÃ©,Houet,Guiriko,NA
Haut-Bassins,Houet,Faramana,Houet,Guiriko,NA
Haut-Bassins,Houet,Fo,Houet,Guiriko,NA
Haut-Bassins,Houet,Karankasso-Sambla,Houet,Guiriko,NA
Haut-Bassins,Houet,Karankasso-ViguÃ©,Houet,Guiriko,NA
Haut-Bassins,Houet,Koundougou,Houet,Guiriko,NA
Haut-Bassins,Houet,Lena,Houet,Guiriko,NA
Haut-Bassins,Houet,PadÃ©ma,Houet,Guiriko,NA
Haut-Bassins,Houet,Peni,Houet,Guiriko,NA
Haut-Bassins,Houet,Satiri,Houet,Guiriko,NA
Haut-Bassins,Houet,Toussiana,Houet,Guiriko,NA
Haut-Bassins,KÃ©nÃ©dougou,Banzon,KÃ©nÃ©dougou,Guiriko,NA
Haut-Bassins,KÃ©nÃ©dougou,Djigouera,KÃ©nÃ©dougou,Guiriko,NA
Haut-Bassins,KÃ©nÃ©dougou,Kangala,KÃ©nÃ©dougou,Guiriko,NA
Haut-Bassins,KÃ©nÃ©dougou,Kayan,KÃ©nÃ©dougou,Guiriko,NA
Haut-Bassins,KÃ©nÃ©dougou,Koloko,KÃ©nÃ©dougou,Guiriko,NA
Haut-Bassins,KÃ©nÃ©dougou,Kourinion,KÃ©nÃ©dougou,Guiriko,NA
Haut-Bassins,KÃ©nÃ©dougou,Kourouma,KÃ©nÃ©dougou,Guiriko,NA
Haut-Bassins,KÃ©nÃ©dougou,Morolaba,KÃ©nÃ©dougou,Guiriko,NA
Haut-Bassins,KÃ©nÃ©dougou,N'dorola,KÃ©nÃ©dougou,Guiriko,NA
Haut-Bassins,KÃ©nÃ©dougou,Orodara,KÃ©nÃ©dougou,Guiriko,NA
Haut-Bassins,KÃ©nÃ©dougou,Samogohiri,KÃ©nÃ©dougou,Guiriko,NA
Haut-Bassins,KÃ©nÃ©dougou,Samorogouan,KÃ©nÃ©dougou,Guiriko,NA
Haut-Bassins,KÃ©nÃ©dougou,Sindo,KÃ©nÃ©dougou,Guiriko,NA
Haut-Bassins,Tuy,Bekuy,Tuy,Guiriko,NA
Haut-Bassins,Tuy,Bereba,Tuy,Guiriko,NA
Haut-Bassins,Tuy,Boni,Tuy,Guiriko,NA
Haut-Bassins,Tuy,Founzan,Tuy,Guiriko,NA
Haut-Bassins,Tuy,HoundÃ©,Tuy,Guiriko,NA
Haut-Bassins,Tuy,Koti,Tuy,Guiriko,NA
Haut-Bassins,Tuy,Koumbia,Tuy,Guiriko,NA
Nord,Loroum,Banh,Loroum,Yaadga,NA
Nord,Loroum,Ouindigui,Loroum,Yaadga,NA
Nord,Loroum,Solle,Loroum,Yaadga,NA
Nord,Loroum,Titao,Loroum,Yaadga,NA
Nord,PassorÃ©,Arbolle,PassorÃ©,Yaadga,NA
Nord,PassorÃ©,Bagare,PassorÃ©,Yaadga,NA
Nord,PassorÃ©,Bokin,PassorÃ©,Yaadga,NA
Nord,PassorÃ©,Gomponsom,PassorÃ©,Yaadga,NA
Nord,PassorÃ©,Kirsi,PassorÃ©,Yaadga,NA
Nord,PassorÃ©,LÃ¢-Todin,PassorÃ©,Yaadga,NA
Nord,PassorÃ©,Pilimpikou,PassorÃ©,Yaadga,NA
Nord,PassorÃ©,Samba,PassorÃ©,Yaadga,NA
Nord,PassorÃ©,Yako,PassorÃ©,Yaadga,NA
Nord,Yatenga,Barga,Yatenga,Yaadga,NA
Nord,Yatenga,KaÃ¯n,Yatenga,Yaadga,NA
Nord,Yatenga,Kalsaka,Yatenga,Yaadga,NA
Nord,Yatenga,Kossouka,Yatenga,Yaadga,NA
Nord,Yatenga,Koumbri,Yatenga,Yaadga,NA
Nord,Yatenga,Namissiguima,Yatenga,Yaadga,NA
Nord,Yatenga,Ouahigouya,Yatenga,Yaadga,NA
Nord,Yatenga,Oula,Yatenga,Yaadga,NA
Nord,Yatenga,Rambo,Yatenga,Yaadga,NA
Nord,Yatenga,Seguenega,Yatenga,Yaadga,NA
Nord,Yatenga,Tangaye,Yatenga,Yaadga,NA
Nord,Yatenga,Thiou,Yatenga,Yaadga,NA
Nord,Yatenga,Zogore,Yatenga,Yaadga,NA
Nord,Zondoma,Bassi,Zondoma,Yaadga,NA
Nord,Zondoma,Boussou,Zondoma,Yaadga,NA
Nord,Zondoma,Gourcy,Zondoma,Yaadga,NA
Nord,Zondoma,LÃ©ba,Zondoma,Yaadga,NA
Nord,Zondoma,Tougo,Zondoma,Yaadga,NA
Plateau-Central,Ganzourgou,Boudry,Ganzourgou,Oubri,NA
Plateau-Central,Ganzourgou,Kogho,Ganzourgou,Oubri,NA
Plateau-Central,Ganzourgou,MÃ©guet,Ganzourgou,Oubri,NA
Plateau-Central,Ganzourgou,MogtÃ©do,Ganzourgou,Oubri,NA
Plateau-Central,Ganzourgou,Salogo,Ganzourgou,Oubri,NA
Plateau-Central,Ganzourgou,Zam,Ganzourgou,Oubri,NA
Plateau-Central,Ganzourgou,Zorgho,Ganzourgou,Oubri,NA
Plateau-Central,Ganzourgou,Zoungou,Ganzourgou,Oubri,NA
Plateau-Central,KourwÃ©ogo,BoussÃ©,KourwÃ©ogo,Oubri,NA
Plateau-Central,KourwÃ©ogo,Laye,KourwÃ©ogo,Oubri,NA
Plateau-Central,KourwÃ©ogo,Niou,KourwÃ©ogo,Oubri,NA
Plateau-Central,KourwÃ©ogo,Sourgoubila,KourwÃ©ogo,Oubri,NA
Plateau-Central,KourwÃ©ogo,ToÃ©ghin,KourwÃ©ogo,Oubri,NA
Plateau-Central,Oubritenga,Absouya,Bassitenga,Oubri,ğŸ“ RenommÃ©e: Oubritenga â†’ Bassitenga
Plateau-Central,Oubritenga,DapÃ©logo,Bassitenga,Oubri,ğŸ“ RenommÃ©e: Oubritenga â†’ Bassitenga
Plateau-Central,Oubritenga,Loumbila,Bassitenga,Oubri,ğŸ“ RenommÃ©e: Oubritenga â†’ Bassitenga
Plateau-Central,Oubritenga,Nagreongo,Bassitenga,Oubri,ğŸ“ RenommÃ©e: Oubritenga â†’ Bassitenga
Plateau-Central,Oubritenga,Ourgou-Manega,Bassitenga,Oubri,ğŸ“ RenommÃ©e: Oubritenga â†’ Bassitenga
Plateau-Central,Oubritenga,Ziniare,Bassitenga,Oubri,ğŸ“ RenommÃ©e: Oubritenga â†’ Bassitenga
Plateau-Central,Oubritenga,Zitenga,Bassitenga,Oubri,ğŸ“ RenommÃ©e: Oubritenga â†’ Bassitenga
Sahel,Oudalan,Deou,Oudalan,Liptako,NA
Sahel,Oudalan,Gorom-Gorom,Oudalan,Liptako,NA
Sahel,Oudalan,Markoye,Oudalan,Liptako,NA
Sahel,Oudalan,Oursi,Oudalan,Liptako,NA
Sahel,Oudalan,Tin-Akoff,Oudalan,Liptako,NA
Sahel,SÃ©no,Bani,SÃ©no,Liptako,NA
Sahel,SÃ©no,Dori,SÃ©no,Liptako,NA
Sahel,SÃ©no,Falagountou,SÃ©no,Liptako,NA
Sahel,SÃ©no,Gorgadji,SÃ©no,Liptako,NA
Sahel,SÃ©no,Sampelga,SÃ©no,Liptako,NA
Sahel,SÃ©no,Seytenga,SÃ©no,Liptako,NA
Sahel,Soum,Aribinda,Karo-Peli,Soum,âœ¨ NOUVELLE PROVINCE Karo-Peli
Sahel,Soum,Baraboule,Djelgodji,Soum,ğŸ“ RenommÃ©e: Soum â†’ Djelgodji
Sahel,Soum,Diguel,Djelgodji,Soum,ğŸ“ RenommÃ©e: Soum â†’ Djelgodji
Sahel,Soum,Djibo,Djelgodji,Soum,ğŸ“ RenommÃ©e: Soum â†’ Djelgodji
Sahel,Soum,Kelbo,Djelgodji,Soum,ğŸ“ RenommÃ©e: Soum â†’ Djelgodji
Sahel,Soum,Koutougou,Karo-Peli,Soum,âœ¨ NOUVELLE PROVINCE Karo-Peli
Sahel,Soum,Nassoumbou,Djelgodji,Soum,ğŸ“ RenommÃ©e: Soum â†’ Djelgodji
Sahel,Soum,Pobe-Mengao,Djelgodji,Soum,ğŸ“ RenommÃ©e: Soum â†’ Djelgodji
Sahel,Soum,Tongomayel,Djelgodji,Soum,ğŸ“ RenommÃ©e: Soum â†’ Djelgodji
Sahel,Yagha,Boundore,Yagha,Liptako,NA
Sahel,Yagha,Mansila,Yagha,Liptako,NA
Sahel,Yagha,Sebba,Yagha,Liptako,NA
Sahel,Yagha,Solhan,Yagha,Liptako,NA
Sahel,Yagha,Tankougounadie,Yagha,Liptako,NA
Sahel,Yagha,Titabe,Yagha,Liptako,NA
Sud-Ouest,Bougouriba,Bondigui,Bougouriba,DjÃ´rÃ´,NA
Sud-Ouest,Bougouriba,Diebougou,Bougouriba,DjÃ´rÃ´,NA
Sud-Ouest,Bougouriba,Dolo,Bougouriba,DjÃ´rÃ´,NA
Sud-Ouest,Bougouriba,Gueguere,Bougouriba,DjÃ´rÃ´,NA
Sud-Ouest,Bougouriba,Iolonioro,Bougouriba,DjÃ´rÃ´,NA
Sud-Ouest,Bougouriba,Tiankoura,Bougouriba,DjÃ´rÃ´,NA
Sud-Ouest,Ioba,Dano,Ioba,DjÃ´rÃ´,NA
Sud-Ouest,Ioba,Dissin,Ioba,DjÃ´rÃ´,NA
Sud-Ouest,Ioba,Koper,Ioba,DjÃ´rÃ´,NA
Sud-Ouest,Ioba,Niego,Ioba,DjÃ´rÃ´,NA
Sud-Ouest,Ioba,Oronkua,Ioba,DjÃ´rÃ´,NA
Sud-Ouest,Ioba,Ouessa,Ioba,DjÃ´rÃ´,NA
Sud-Ouest,Ioba,Zambo,Ioba,DjÃ´rÃ´,NA
Sud-Ouest,Noumbiel,BatiÃ©,Noumbiel,DjÃ´rÃ´,NA
Sud-Ouest,Noumbiel,Boussoukoula,Noumbiel,DjÃ´rÃ´,NA
Sud-Ouest,Noumbiel,KpuÃ©rÃ©,Noumbiel,DjÃ´rÃ´,NA
Sud-Ouest,Noumbiel,Legmoin,Noumbiel,DjÃ´rÃ´,NA
Sud-Ouest,Noumbiel,Midebdo,Noumbiel,DjÃ´rÃ´,NA
Sud-Ouest,Poni,Bouroum-Bouroum,Poni,DjÃ´rÃ´,NA
Sud-Ouest,Poni,Boussera,Poni,DjÃ´rÃ´,NA
Sud-Ouest,Poni,DjigouÃ¨,Poni,DjÃ´rÃ´,NA
Sud-Ouest,Poni,Gaoua,Poni,DjÃ´rÃ´,NA
Sud-Ouest,Poni,Gbomblora,Poni,DjÃ´rÃ´,NA
Sud-Ouest,Poni,Kampti,Poni,DjÃ´rÃ´,NA
Sud-Ouest,Poni,Loropeni,Poni,DjÃ´rÃ´,NA
Sud-Ouest,Poni,Malba,Poni,DjÃ´rÃ´,NA
Sud-Ouest,Poni,Nako,Poni,DjÃ´rÃ´,NA
Sud-Ouest,Poni,Perigban,Poni,DjÃ´rÃ´,NA
